LGA_CODE_2016,LGA_NAME_2016,LGA_CODE_2021,LGA_NAME_2021,RATIO_FROM_2016_TO_2021
10050.0,Albury (C),10050,Albury,1.0
10250.0,Ballina (A),10250,Ballina,1.0
10300.0,Balranald (A),10300,Balranald,1.0
10470.0,Bathurst Regional (A),10470,Bathurst Regional,1.0
10550.0,Bega Valley (A),10550,Bega Valley,1.0
10600.0,Bellingen (A),10600,Bellingen,1.0
10650.0,Berrigan (A),10650,Berrigan,1.0
10800.0,Bland (A),10800,Bland,1.0
10850.0,Blayney (A),10850,Blayney,1.0
10900.0,Blue Mountains (C),10900,Blue Mountains,1.0
10950.0,Bogan (A),10950,Bogan,1.0
11100.0,Botany Bay (C),10500,Bayside (NSW),1.0
11150.0,Bourke (A),11150,Bourke,1.0
11200.0,Brewarrina (A),11200,Brewarrina,1.0
11250.0,Broken Hill (C),11250,Broken Hill,1.0
11300.0,Burwood (A),11300,Burwood,1.0
11350.0,Byron (A),11350,Byron,1.0
11400.0,Cabonne (A),11400,Cabonne,1.0
11520.0,Canada Bay (A),11520,Canada Bay,1.0
11570.0,Canterbury-Bankstown (A),11570,Canterbury-Bankstown,1.0
11600.0,Carrathool (A),11600,Carrathool,1.0
11650.0,Central Coast (C) (NSW),11650,Central Coast (NSW),1.0
11700.0,Central Darling (A),11700,Central Darling,1.0
11720.0,Cessnock (C),11720,Cessnock,1.0
11730.0,Clarence Valley (A),11730,Clarence Valley,1.0
11800.0,Coffs Harbour (C),11800,Coffs Harbour,1.0
12000.0,Coolamon (A),12000,Coolamon,1.0
12150.0,Coonamble (A),12150,Coonamble,1.0
12350.0,Cowra (A),12350,Cowra,1.0
12700.0,Dungog (A),12700,Dungog,1.0
12730.0,Edward River (A),12730,Edward River,1.0
12750.0,Eurobodalla (A),12750,Eurobodalla,1.0
12850.0,Fairfield (C),12850,Fairfield,1.0
12870.0,Federation (A),12870,Federation,1.0
12900.0,Forbes (A),12900,Forbes,1.0
12930.0,Georges River (A),12930,Georges River,1.0
12950.0,Gilgandra (A),12950,Gilgandra,1.0
13010.0,Glen Innes Severn (A),13010,Glen Innes Severn,1.0
13310.0,Goulburn Mulwaree (A),13310,Goulburn Mulwaree,1.0
13340.0,Greater Hume Shire (A),13340,Greater Hume Shire,1.0
13450.0,Griffith (C),13450,Griffith,1.0
13510.0,Gundagai (A),12160,Cootamundra-Gundagai Regional,1.0
13550.0,Gunnedah (A),13550,Gunnedah,1.0
13660.0,Gwydir (A),13660,Gwydir,1.0
13800.0,Hawkesbury (C),13800,Hawkesbury,1.0
13850.0,Hay (A),13850,Hay,1.0
13910.0,Hilltops (A),13910,Hilltops,1.0
14000.0,Hornsby (A),14000,Hornsby,1.0
14100.0,Hunters Hill (A),14100,Hunters Hill,1.0
14170.0,Inner West (A),14170,Inner West,1.0
14200.0,Inverell (A),14220,Inverell,1.0
14300.0,Junee (A),14300,Junee,1.0
14350.0,Kempsey (A),14350,Kempsey,1.0
14400.0,Kiama (A),14400,Kiama,1.0
14500.0,Ku-ring-gai (A),14500,Ku-ring-gai,1.0
14550.0,Kyogle (A),14550,Kyogle,1.0
14600.0,Lachlan (A),14600,Lachlan,1.0
14650.0,Lake Macquarie (C),14650,Lake Macquarie,1.0
14700.0,Lane Cove (A),14700,Lane Cove,1.0
14750.0,Leeton (A),14750,Leeton,1.0
14850.0,Lismore (C),14850,Lismore,1.0
14870.0,Lithgow (C),14870,Lithgow,1.0
14900.0,Liverpool (C),14900,Liverpool,1.0
14920.0,Liverpool Plains (A),14920,Liverpool Plains,1.0
14950.0,Lockhart (A),14950,Lockhart,1.0
15050.0,Maitland (C),15050,Maitland,1.0
15240.0,Mid-Coast (A),15240,Mid-Coast,1.0
15270.0,Mid-Western Regional (A),15270,Mid-Western Regional,1.0
15300.0,Moree Plains (A),15300,Moree Plains,1.0
15350.0,Mosman (A),15350,Mosman,1.0
15520.0,Murray River (A),15520,Murray River,1.0
15560.0,Murrumbidgee (A),15560,Murrumbidgee,1.0
15650.0,Muswellbrook (A),15650,Muswellbrook,1.0
15700.0,Nambucca (A),15700,Nambucca Valley,1.0
15750.0,Narrabri (A),15750,Narrabri,1.0
15800.0,Narrandera (A),15800,Narrandera,1.0
15850.0,Narromine (A),15850,Narromine,1.0
15900.0,Newcastle (C),15900,Newcastle,1.0
15950.0,North Sydney (A),15950,North Sydney,1.0
15990.0,Northern Beaches (A),15990,Northern Beaches,1.0
16100.0,Oberon (A),16100,Oberon,1.0
16150.0,Orange (C),16150,Orange,1.0
16200.0,Parkes (A),16200,Parkes,1.0
16260.0,Parramatta (C),16260,Parramatta,1.0
16350.0,Penrith (C),16350,Penrith,1.0
16380.0,Port Macquarie-Hastings (A),16380,Port Macquarie-Hastings,1.0
16400.0,Port Stephens (A),16400,Port Stephens,1.0
16490.0,Queanbeyan-Palerang Regional (A),16490,Queanbeyan-Palerang Regional,1.0
16550.0,Randwick (C),16550,Randwick,1.0
16610.0,Richmond Valley (A),16610,Richmond Valley,1.0
16650.0,Rockdale (C),10500,Bayside (NSW),1.0
16700.0,Ryde (C),16700,Ryde,1.0
16900.0,Shellharbour (C),16900,Shellharbour,1.0
16950.0,Shoalhaven (C),16950,Shoalhaven,1.0
17000.0,Singleton (A),17000,Singleton,1.0
17040.0,Snowy Monaro Regional (A),17040,Snowy Monaro Regional,1.0
17080.0,Snowy Valleys (A),17080,Snowy Valleys,1.0
17100.0,Strathfield (A),17100,Strathfield,1.0
17200.0,Sydney (C),17200,Sydney,1.0
17310.0,Tamworth Regional (A),17310,Tamworth Regional,1.0
17350.0,Temora (A),17350,Temora,1.0
17400.0,Tenterfield (A),17400,Tenterfield,1.0
17420.0,The Hills Shire (A),17420,The Hills Shire,1.0
17550.0,Tweed (A),17550,Tweed,1.0
17620.0,Upper Hunter Shire (A),17620,Upper Hunter Shire,1.0
17640.0,Upper Lachlan Shire (A),17640,Upper Lachlan Shire,1.0
17650.0,Uralla (A),17650,Uralla,1.0
17750.0,Wagga Wagga (C),17750,Wagga Wagga,1.0
17850.0,Walcha (A),17850,Walcha,1.0
17900.0,Walgett (A),17900,Walgett,1.0
17950.0,Warren (A),17950,Warren,1.0
18020.0,Warrumbungle Shire (A),18020,Warrumbungle Shire,1.0
18050.0,Waverley (A),18050,Waverley,1.0
18100.0,Weddin (A),18100,Weddin,1.0
18200.0,Wentworth (A),18200,Wentworth,1.0
18230.0,Western Plains Regional (A),12390,Dubbo Regional,1.0
18250.0,Willoughby (C),18250,Willoughby,1.0
18350.0,Wingecarribee (A),18350,Wingecarribee,1.0
18400.0,Wollondilly (A),18400,Wollondilly,1.0
18450.0,Wollongong (C),18450,Wollongong,1.0
18500.0,Woollahra (A),18500,Woollahra,1.0
18710.0,Yass Valley (A),18710,Yass Valley,1.0
19399.0,Unincorporated NSW,19399,Unincorporated NSW,1.0
19499.0,No usual address (NSW),19499,No usual address (NSW),1.0
19799.0,Migratory - Offshore - Shipping (NSW),19799,Migratory - Offshore - Shipping (NSW),1.0
20110.0,Alpine (S),20110,Alpine,1.0
20260.0,Ararat (RC),20260,Ararat,1.0
20570.0,Ballarat (C),20570,Ballarat,1.0
20660.0,Banyule (C),20660,Banyule,1.0
20740.0,Bass Coast (S),20740,Bass Coast,1.0
20830.0,Baw Baw (S),20830,Baw Baw,1.0
20910.0,Bayside (C),20910,Bayside (Vic.),1.0
21010.0,Benalla (RC),21010,Benalla,1.0
21110.0,Boroondara (C),21110,Boroondara,1.0
21180.0,Brimbank (C),21180,Brimbank,1.0
21270.0,Buloke (S),21270,Buloke,1.0
21370.0,Campaspe (S),21370,Campaspe,1.0
21450.0,Cardinia (S),21450,Cardinia,1.0
21610.0,Casey (C),21610,Casey,1.0
21670.0,Central Goldfields (S),21670,Central Goldfields,1.0
21750.0,Colac-Otway (S),21750,Colac Otway,1.0
21830.0,Corangamite (S),21830,Corangamite,1.0
21890.0,Darebin (C),21890,Darebin,1.0
22110.0,East Gippsland (S),22110,East Gippsland,1.0
22170.0,Frankston (C),22170,Frankston,1.0
22250.0,Gannawarra (S),22250,Gannawarra,1.0
22310.0,Glen Eira (C),22310,Glen Eira,1.0
22410.0,Glenelg (S),22410,Glenelg,1.0
22490.0,Golden Plains (S),22490,Golden Plains,1.0
22620.0,Greater Bendigo (C),22620,Greater Bendigo,1.0
22670.0,Greater Dandenong (C),22670,Greater Dandenong,1.0
22750.0,Greater Geelong (C),22750,Greater Geelong,1.0
22830.0,Greater Shepparton (C),22830,Greater Shepparton,1.0
22910.0,Hepburn (S),22910,Hepburn,1.0
22980.0,Hindmarsh (S),22980,Hindmarsh,1.0
23110.0,Hobsons Bay (C),23110,Hobsons Bay,1.0
23190.0,Horsham (RC),23190,Horsham,1.0
23270.0,Hume (C),23270,Hume,1.0
23350.0,Indigo (S),23350,Indigo,1.0
23430.0,Kingston (C) (Vic.),23430,Kingston (Vic.),1.0
23670.0,Knox (C),23670,Knox,1.0
23810.0,Latrobe (C) (Vic.),23810,Latrobe (Vic.),1.0
23940.0,Loddon (S),23940,Loddon,1.0
24130.0,Macedon Ranges (S),24130,Macedon Ranges,1.0
24210.0,Manningham (C),24210,Manningham,1.0
24250.0,Mansfield (S),24250,Mansfield,1.0
24330.0,Maribyrnong (C),24330,Maribyrnong,1.0
24410.0,Maroondah (C),24410,Maroondah,1.0
24600.0,Melbourne (C),24600,Melbourne,1.0
24650.0,Melton (C),24650,Melton,1.0
24780.0,Mildura (RC),24780,Mildura,1.0
24850.0,Mitchell (S),24850,Mitchell,1.0
24900.0,Moira (S),24900,Moira,1.0
24970.0,Monash (C),24970,Monash,1.0
25060.0,Moonee Valley (C),25060,Moonee Valley,1.0
25150.0,Moorabool (S),25150,Moorabool,1.0
25250.0,Moreland (C),25250,Moreland,1.0
25340.0,Mornington Peninsula (S),25340,Mornington Peninsula,1.0
25430.0,Mount Alexander (S),25430,Mount Alexander,1.0
25490.0,Moyne (S),25490,Moyne,1.0
25620.0,Murrindindi (S),25620,Murrindindi,1.0
25710.0,Nillumbik (S),25710,Nillumbik,1.0
25810.0,Northern Grampians (S),25810,Northern Grampians,1.0
25900.0,Port Phillip (C),25900,Port Phillip,1.0
25990.0,Pyrenees (S),25990,Pyrenees,1.0
26080.0,Queenscliffe (B),26080,Queenscliffe,1.0
26170.0,South Gippsland (S),26170,South Gippsland,1.0
26260.0,Southern Grampians (S),26260,Southern Grampians,1.0
26350.0,Stonnington (C),26350,Stonnington,1.0
26430.0,Strathbogie (S),26430,Strathbogie,1.0
26490.0,Surf Coast (S),26490,Surf Coast,1.0
26610.0,Swan Hill (RC),26610,Swan Hill,1.0
26670.0,Towong (S),26670,Towong,1.0
26700.0,Wangaratta (RC),26700,Wangaratta,1.0
26730.0,Warrnambool (C),26730,Warrnambool,1.0
26810.0,Wellington (S),26810,Wellington,1.0
26890.0,West Wimmera (S),26890,West Wimmera,1.0
26980.0,Whitehorse (C),26980,Whitehorse,1.0
27070.0,Whittlesea (C),27070,Whittlesea,1.0
27170.0,Wodonga (C),27170,Wodonga,1.0
27260.0,Wyndham (C),27260,Wyndham,1.0
27350.0,Yarra (C),27350,Yarra,1.0
27450.0,Yarra Ranges (S),27450,Yarra Ranges,1.0
27630.0,Yarriambiack (S),27630,Yarriambiack,1.0
29399.0,Unincorporated Vic,29399,Unincorporated Vic,1.0
29499.0,No usual address (Vic.),29499,No usual address (Vic.),1.0
29799.0,Migratory - Offshore - Shipping (Vic.),29799,Migratory - Offshore - Shipping (Vic.),1.0
30250.0,Aurukun (S),30250,Aurukun,1.0
30300.0,Balonne (S),30300,Balonne,1.0
30370.0,Banana (S),30370,Banana,1.0
30410.0,Barcaldine (R),30410,Barcaldine,1.0
30450.0,Barcoo (S),30450,Barcoo,1.0
30760.0,Blackall-Tambo (R),30760,Blackall Tambo,1.0
30900.0,Boulia (S),30900,Boulia,1.0
31000.0,Brisbane (C),31000,Brisbane,1.0
31750.0,Bulloo (S),31750,Bulloo,1.0
31820.0,Bundaberg (R),31820,Bundaberg,1.0
31900.0,Burdekin (S),31900,Burdekin,1.0
31950.0,Burke (S),31950,Burke,1.0
32080.0,Cairns (R),32080,Cairns,1.0
32250.0,Carpentaria (S),32250,Carpentaria,1.0
32260.0,Cassowary Coast (R),32260,Cassowary Coast,1.0
32270.0,Central Highlands (R) (Qld),32270,Central Highlands (Qld),1.0
32310.0,Charters Towers (R),32310,Charters Towers,1.0
32330.0,Cherbourg (S),32330,Cherbourg,1.0
32450.0,Cloncurry (S),32450,Cloncurry,1.0
32600.0,Croydon (S),32600,Croydon,1.0
32750.0,Diamantina (S),32750,Diamantina,1.0
32770.0,Doomadgee (S),32770,Doomadgee,1.0
32810.0,Douglas (S),32810,Douglas,1.0
33100.0,Etheridge (S),33100,Etheridge,1.0
33200.0,Flinders (S) (Qld),33200,Flinders (Qld),1.0
33220.0,Fraser Coast (R),33220,Fraser Coast,1.0
33360.0,Gladstone (R),33360,Gladstone,1.0
33430.0,Gold Coast (C),33430,Gold Coast,1.0
33610.0,Goondiwindi (R),33610,Goondiwindi,1.0
33620.0,Gympie (R),33620,Gympie,1.0
33800.0,Hinchinbrook (S),33800,Hinchinbrook,1.0
33830.0,Hope Vale (S),33830,Hope Vale,1.0
33960.0,Ipswich (C),33960,Ipswich,1.0
33980.0,Isaac (R),33980,Isaac,1.0
34420.0,Kowanyama (S),34420,Kowanyama,1.0
34530.0,Livingstone (S),34530,Livingstone,1.0
34570.0,Lockhart River (S),34570,Lockhart River,1.0
34580.0,Lockyer Valley (R),34580,Lockyer Valley,1.0
34590.0,Logan (C),34590,Logan,1.0
34710.0,Longreach (R),34710,Longreach,1.0
34770.0,Mackay (R),34770,Mackay,1.0
34800.0,McKinlay (S),34800,McKinlay,1.0
34830.0,Mapoon (S),34830,Mapoon,1.0
34860.0,Maranoa (R),34860,Maranoa,1.0
34880.0,Mareeba (S),34880,Mareeba,1.0
35010.0,Moreton Bay (R),35010,Moreton Bay,1.0
35250.0,Mornington (S),35250,Mornington,1.0
35300.0,Mount Isa (C),35300,Mount Isa,1.0
35600.0,Murweh (S),35600,Murweh,1.0
35670.0,Napranum (S),35670,Napranum,1.0
35740.0,Noosa (S),35740,Noosa,1.0
35760.0,North Burnett (R),35760,North Burnett,1.0
35780.0,Northern Peninsula Area (R),35780,Northern Peninsula Area,1.0
35790.0,Palm Island (S),35790,Palm Island,1.0
35800.0,Paroo (S),35800,Paroo,1.0
36070.0,Pormpuraaw (S),36070,Pormpuraaw,1.0
36150.0,Quilpie (S),36150,Quilpie,1.0
36250.0,Redland (C),36250,Redland,1.0
36300.0,Richmond (S),36300,Richmond,1.0
36370.0,Rockhampton (R),36370,Rockhampton,1.0
36510.0,Scenic Rim (R),36510,Scenic Rim,1.0
36580.0,Somerset (R),36580,Somerset,1.0
36630.0,South Burnett (R),36630,South Burnett,1.0
36660.0,Southern Downs (R),36660,Southern Downs,1.0
36720.0,Sunshine Coast (R),36720,Sunshine Coast,1.0
36820.0,Tablelands (R),36820,Tablelands,1.0
36910.0,Toowoomba (R),36910,Toowoomba,1.0
36950.0,Torres (S),36950,Torres,1.0
36960.0,Torres Strait Island (R),36960,Torres Strait Island,1.0
37010.0,Townsville (C),37010,Townsville,1.0
37300.0,Weipa (T),37300,Weipa,1.0
37310.0,Western Downs (R),37310,Western Downs,1.0
37340.0,Whitsunday (R),37340,Whitsunday,1.0
37400.0,Winton (S),37400,Winton,1.0
37550.0,Woorabinda (S),37550,Woorabinda,1.0
37570.0,Wujal Wujal (S),37570,Wujal Wujal,1.0
37600.0,Yarrabah (S),37600,Yarrabah,1.0
39499.0,No usual address (Qld),39499,No usual address (Qld),1.0
39799.0,Migratory - Offshore - Shipping (Qld),39799,Migratory - Offshore - Shipping (Qld),1.0
40070.0,Adelaide (C),40070,Adelaide,1.0
40120.0,Adelaide Hills (DC),40120,Adelaide Hills,1.0
40220.0,Alexandrina (DC),40220,Alexandrina,1.0
40250.0,Anangu Pitjantjatjara (AC),40250,Anangu Pitjantjatjara Yunkunytjatjara,1.0
40310.0,Barossa (DC),40310,Barossa,1.0
40430.0,Barunga West (DC),40430,Barunga West,1.0
40520.0,Berri and Barmera (DC),40520,Berri Barmera,1.0
40700.0,Burnside (C),40700,Burnside,1.0
40910.0,Campbelltown (C) (SA),40910,Campbelltown (SA),1.0
41010.0,Ceduna (DC),41010,Ceduna,1.0
41060.0,Charles Sturt (C),41060,Charles Sturt,1.0
41140.0,Clare and Gilbert Valleys (DC),41140,Clare and Gilbert Valleys,1.0
41190.0,Cleve (DC),41190,Cleve,1.0
41330.0,Coober Pedy (DC),41330,Coober Pedy,1.0
41560.0,Copper Coast (DC),41560,Copper Coast,1.0
41750.0,Elliston (DC),41750,Elliston,1.0
41830.0,Flinders Ranges (DC),41830,Flinders Ranges,1.0
41960.0,Franklin Harbour (DC),41960,Franklin Harbour,1.0
42030.0,Gawler (T),42030,Gawler,1.0
42110.0,Goyder (DC),42110,Goyder,1.0
42250.0,Grant (DC),42250,Grant,1.0
42600.0,Holdfast Bay (C),42600,Holdfast Bay,1.0
42750.0,Kangaroo Island (DC),42750,Kangaroo Island,1.0
43080.0,Karoonda East Murray (DC),43080,Karoonda East Murray,1.0
43220.0,Kimba (DC),43220,Kimba,1.0
43360.0,Kingston (DC) (SA),43360,Kingston (SA),1.0
43650.0,Light (RegC),43650,Light,1.0
43710.0,Lower Eyre Peninsula (DC),43710,Lower Eyre Peninsula,1.0
43790.0,Loxton Waikerie (DC),43790,Loxton Waikerie,1.0
43920.0,Mallala (DC),40150,Adelaide Plains,1.0
44000.0,Maralinga Tjarutja (AC),44000,Maralinga Tjarutja,1.0
44060.0,Marion (C),44060,Marion,1.0
44210.0,Mid Murray (DC),44210,Mid Murray,1.0
44340.0,Mitcham (C),44340,Mitcham,1.0
44550.0,Mount Barker (DC),44550,Mount Barker,1.0
44620.0,Mount Gambier (C),44620,Mount Gambier,1.0
44830.0,Mount Remarkable (DC),44830,Mount Remarkable,1.0
45040.0,Murray Bridge (RC),45040,Murray Bridge,1.0
45090.0,Naracoorte and Lucindale (DC),45090,Naracoorte Lucindale,1.0
45120.0,Northern Areas (DC),45120,Northern Areas,1.0
45290.0,Norwood Payneham St Peters (C),45290,Norwood Payneham and St Peters,1.0
45340.0,Onkaparinga (C),45340,Onkaparinga,1.0
45400.0,Orroroo/Carrieton (DC),45400,Orroroo Carrieton,1.0
45540.0,Peterborough (DC),45540,Peterborough,1.0
45680.0,Playford (C),45680,Playford,1.0
45890.0,Port Adelaide Enfield (C),45890,Port Adelaide Enfield,1.0
46090.0,Port Augusta (C),46090,Port Augusta,1.0
46300.0,Port Lincoln (C),46300,Port Lincoln,1.0
46450.0,Port Pirie City and Dists (M),46450,Port Pirie,1.0
46510.0,Prospect (C),46510,Prospect,1.0
46670.0,Renmark Paringa (DC),46670,Renmark Paringa,1.0
46860.0,Robe (DC),46860,Robe,1.0
46970.0,Roxby Downs (M),46970,Roxby Downs,1.0
47140.0,Salisbury (C),47140,Salisbury,1.0
47290.0,Southern Mallee (DC),47290,Southern Mallee,1.0
47490.0,Streaky Bay (DC),47490,Streaky Bay,1.0
47630.0,Tatiara (DC),47630,Tatiara,1.0
47700.0,Tea Tree Gully (C),47700,Tea Tree Gully,1.0
47800.0,The Coorong (DC),47800,Coorong,1.0
47910.0,Tumby Bay (DC),47910,Tumby Bay,1.0
47980.0,Unley (C),47980,Unley,1.0
48050.0,Victor Harbor (C),48050,Victor Harbor,1.0
48130.0,Wakefield (DC),48130,Wakefield,1.0
48260.0,Walkerville (M),48260,Walkerville,1.0
48340.0,Wattle Range (DC),48340,Wattle Range,1.0
48410.0,West Torrens (C),48410,West Torrens,1.0
48540.0,Whyalla (C),48540,Whyalla,1.0
48640.0,Wudinna (DC),48640,Wudinna,1.0
48750.0,Yankalilla (DC),48750,Yankalilla,1.0
48830.0,Yorke Peninsula (DC),48830,Yorke Peninsula,1.0
49399.0,Unincorporated SA,49399,Unincorporated SA,1.0
49499.0,No usual address (SA),49499,No usual address (SA),1.0
49799.0,Migratory - Offshore - Shipping (SA),49799,Migratory - Offshore - Shipping (SA),1.0
50080.0,Albany (C),50080,Albany,1.0
50210.0,Armadale (C),50210,Armadale,1.0
50250.0,Ashburton (S),50250,Ashburton,1.0
50280.0,Augusta-Margaret River (S),50280,Augusta Margaret River,1.0
50350.0,Bassendean (T),50350,Bassendean,1.0
50420.0,Bayswater (C),50420,Bayswater,1.0
50490.0,Belmont (C),50490,Belmont,1.0
50560.0,Beverley (S),50560,Beverley,1.0
50630.0,Boddington (S),50630,Boddington,1.0
50770.0,Boyup Brook (S),50770,Boyup Brook,1.0
50840.0,Bridgetown-Greenbushes (S),50840,Bridgetown-Greenbushes,1.0
50910.0,Brookton (S),50910,Brookton,1.0
50980.0,Broome (S),50980,Broome,1.0
51080.0,Broomehill-Tambellup (S),51080,Broomehill-Tambellup,1.0
51120.0,Bruce Rock (S),51120,Bruce Rock,1.0
51190.0,Bunbury (C),51190,Bunbury,1.0
51260.0,Busselton (C),51260,Busselton,1.0
51330.0,Canning (C),51330,Canning,1.0
51400.0,Capel (S),51400,Capel,1.0
51470.0,Carnamah (S),51470,Carnamah,1.0
51540.0,Carnarvon (S),51540,Carnarvon,1.0
51610.0,Chapman Valley (S),51610,Chapman Valley,1.0
51680.0,Chittering (S),51680,Chittering,1.0
51750.0,Claremont (T),51750,Claremont,1.0
51820.0,Cockburn (C),51820,Cockburn,1.0
51890.0,Collie (S),51890,Collie,1.0
51960.0,Coolgardie (S),51960,Coolgardie,1.0
52030.0,Coorow (S),52030,Coorow,1.0
52100.0,Corrigin (S),52100,Corrigin,1.0
52170.0,Cottesloe (T),52170,Cottesloe,1.0
52240.0,Cranbrook (S),52240,Cranbrook,1.0
52310.0,Cuballing (S),52310,Cuballing,1.0
52380.0,Cue (S),52380,Cue,1.0
52450.0,Cunderdin (S),52450,Cunderdin,1.0
52520.0,Dalwallinu (S),52520,Dalwallinu,1.0
52590.0,Dandaragan (S),52590,Dandaragan,1.0
52660.0,Dardanup (S),52660,Dardanup,1.0
52730.0,Denmark (S),52730,Denmark,1.0
52870.0,Donnybrook-Balingup (S),52870,Donnybrook-Balingup,1.0
52940.0,Dowerin (S),52940,Dowerin,1.0
53010.0,Dumbleyung (S),53010,Dumbleyung,1.0
53080.0,Dundas (S),53080,Dundas,1.0
53150.0,East Fremantle (T),53150,East Fremantle,1.0
53220.0,East Pilbara (S),53220,East Pilbara,1.0
53290.0,Esperance (S),53290,Esperance,1.0
53360.0,Exmouth (S),53360,Exmouth,1.0
53430.0,Fremantle (C),53430,Fremantle,1.0
53570.0,Gingin (S),53570,Gingin,1.0
53640.0,Gnowangerup (S),53640,Gnowangerup,1.0
53710.0,Goomalling (S),53710,Goomalling,1.0
53780.0,Gosnells (C),53780,Gosnells,1.0
53800.0,Greater Geraldton (C),53800,Greater Geraldton,1.0
53920.0,Halls Creek (S),53920,Halls Creek,1.0
53990.0,Harvey (S),53990,Harvey,1.0
54060.0,Irwin (S),54060,Irwin,1.0
54130.0,Jerramungup (S),54130,Jerramungup,1.0
54170.0,Joondalup (C),54170,Joondalup,1.0
54200.0,Kalamunda (S),54200,Kalamunda,1.0
54280.0,Kalgoorlie/Boulder (C),54280,Kalgoorlie-Boulder,1.0
54340.0,Katanning (S),54340,Katanning,1.0
54410.0,Kellerberrin (S),54410,Kellerberrin,1.0
54480.0,Kent (S),54480,Kent,1.0
54550.0,Kojonup (S),54550,Kojonup,1.0
54620.0,Kondinin (S),54620,Kondinin,1.0
54690.0,Koorda (S),54690,Koorda,1.0
54760.0,Kulin (S),54760,Kulin,1.0
54830.0,Kwinana (C),54830,Kwinana,1.0
54900.0,Lake Grace (S),54900,Lake Grace,1.0
54970.0,Laverton (S),54970,Laverton,1.0
55040.0,Leonora (S),55040,Leonora,1.0
55110.0,Mandurah (C),55110,Mandurah,1.0
55180.0,Manjimup (S),55180,Manjimup,1.0
55250.0,Meekatharra (S),55250,Meekatharra,1.0
55320.0,Melville (C),55320,Melville,1.0
55390.0,Menzies (S),55390,Menzies,1.0
55460.0,Merredin (S),55460,Merredin,1.0
55530.0,Mingenew (S),55530,Mingenew,1.0
55600.0,Moora (S),55600,Moora,1.0
55670.0,Morawa (S),55670,Morawa,1.0
55740.0,Mosman Park (T),55740,Mosman Park,1.0
55810.0,Mount Magnet (S),55810,Mount Magnet,1.0
55880.0,Mount Marshall (S),55880,Mount Marshall,1.0
55950.0,Mukinbudin (S),55950,Mukinbudin,1.0
56090.0,Mundaring (S),56090,Mundaring,1.0
56160.0,Murchison (S),56160,Murchison,1.0
56230.0,Murray (S),56230,Murray,1.0
56300.0,Nannup (S),56300,Nannup,1.0
56370.0,Narembeen (S),56370,Narembeen,1.0
56460.0,Narrogin (S),56460,Narrogin,1.0
56580.0,Nedlands (C),56580,Nedlands,1.0
56620.0,Ngaanyatjarraku (S),56620,Ngaanyatjarraku,1.0
56730.0,Northam (S),56730,Northam,1.0
56790.0,Northampton (S),56790,Northampton,1.0
56860.0,Nungarin (S),56860,Nungarin,1.0
56930.0,Peppermint Grove (S),56930,Peppermint Grove,1.0
57000.0,Perenjori (S),57000,Perenjori,1.0
57080.0,Perth (C),57080,Perth,1.0
57140.0,Pingelly (S),57140,Pingelly,1.0
57210.0,Plantagenet (S),57210,Plantagenet,1.0
57280.0,Port Hedland (T),57280,Port Hedland,1.0
57350.0,Quairading (S),57350,Quairading,1.0
57420.0,Ravensthorpe (S),57420,Ravensthorpe,1.0
57490.0,Rockingham (C),57490,Rockingham,1.0
57630.0,Sandstone (S),57630,Sandstone,1.0
57700.0,Serpentine-Jarrahdale (S),57700,Serpentine-Jarrahdale,1.0
57770.0,Shark Bay (S),57770,Shark Bay,1.0
57840.0,South Perth (C),57840,South Perth,1.0
57910.0,Stirling (C),57910,Stirling,1.0
58190.0,Tammin (S),58190,Tammin,1.0
58260.0,Three Springs (S),58260,Three Springs,1.0
58330.0,Toodyay (S),58330,Toodyay,1.0
58400.0,Trayning (S),58400,Trayning,1.0
58470.0,Upper Gascoyne (S),58470,Upper Gascoyne,1.0
58510.0,Victoria Park (T),58510,Victoria Park,1.0
58540.0,Victoria Plains (S),58540,Victoria Plains,1.0
58570.0,Vincent (C),58570,Vincent,1.0
58610.0,Wagin (S),58610,Wagin,1.0
58680.0,Wandering (S),58680,Wandering,1.0
58760.0,Wanneroo (C),58760,Wanneroo,1.0
58820.0,Waroona (S),58820,Waroona,1.0
58890.0,West Arthur (S),58890,West Arthur,1.0
59030.0,Westonia (S),59030,Westonia,1.0
59100.0,Wickepin (S),59100,Wickepin,1.0
59170.0,Williams (S),59170,Williams,1.0
59250.0,Wiluna (S),59250,Wiluna,1.0
59310.0,Wongan-Ballidu (S),59310,Wongan-Ballidu,1.0
59320.0,Woodanilling (S),59320,Woodanilling,1.0
59330.0,Wyalkatchem (S),59330,Wyalkatchem,1.0
59340.0,Wyndham-East Kimberley (S),59340,Wyndham-East Kimberley,1.0
59350.0,Yalgoo (S),59350,Yalgoo,1.0
59360.0,Yilgarn (S),59360,Yilgarn,1.0
59370.0,York (S),59370,York,1.0
59499.0,No usual address (WA),59499,No usual address (WA),1.0
59799.0,Migratory - Offshore - Shipping (WA),59799,Migratory - Offshore - Shipping (WA),1.0
60210.0,Break O'Day (M),60210,Break O'Day,1.0
60410.0,Brighton (M),60410,Brighton,1.0
60610.0,Burnie (C),60610,Burnie,1.0
60810.0,Central Coast (M) (Tas.),60810,Central Coast (Tas.),1.0
61010.0,Central Highlands (M) (Tas.),61010,Central Highlands (Tas.),1.0
61410.0,Clarence (C),61410,Clarence,1.0
61510.0,Derwent Valley (M),61510,Derwent Valley,1.0
61610.0,Devonport (C),61610,Devonport,1.0
61810.0,Dorset (M),61810,Dorset,1.0
62010.0,Flinders (M) (Tas.),62010,Flinders (Tas.),1.0
62410.0,Glamorgan/Spring Bay (M),62410,Glamorgan-Spring Bay,1.0
62610.0,Glenorchy (C),62610,Glenorchy,1.0
63010.0,Huon Valley (M),63010,Huon Valley,1.0
63210.0,Kentish (M),63210,Kentish,1.0
63410.0,King Island (M),63410,King Island,1.0
63610.0,Kingborough (M),63610,Kingborough,1.0
63810.0,Latrobe (M) (Tas.),63810,Latrobe (Tas.),1.0
64010.0,Launceston (C),64010,Launceston,1.0
64210.0,Meander Valley (M),64210,Meander Valley,1.0
64610.0,Northern Midlands (M),64610,Northern Midlands,1.0
65010.0,Southern Midlands (M),65010,Southern Midlands,1.0
65210.0,Tasman (M),65210,Tasman,1.0
65410.0,Waratah/Wynyard (M),65410,Waratah-Wynyard,1.0
65610.0,West Coast (M),65610,West Coast,1.0
65810.0,West Tamar (M),65810,West Tamar,1.0
69499.0,No usual address (Tas.),69499,No usual address (Tas.),1.0
69799.0,Migratory - Offshore - Shipping (Tas.),69799,Migratory - Offshore - Shipping (Tas.),1.0
70200.0,Alice Springs (T),70200,Alice Springs,1.0
70420.0,Barkly (R),70420,Barkly,1.0
70540.0,Belyuen (S),70540,Belyuen,1.0
70620.0,Central Desert (R),70620,Central Desert,1.0
70700.0,Coomalie (S),70700,Coomalie,1.0
71000.0,Darwin (C),71000,Darwin,1.0
71300.0,East Arnhem (R),71300,East Arnhem,1.0
72200.0,Katherine (T),72200,Katherine,1.0
72300.0,Litchfield (M),72300,Litchfield,1.0
72330.0,MacDonnell (R),72330,MacDonnell,1.0
72800.0,Palmerston (C),72800,Palmerston,1.0
73600.0,Roper Gulf (R),73600,Roper Gulf,1.0
74050.0,Tiwi Islands (R),74050,Tiwi Islands,1.0
74550.0,Victoria Daly (R),74550,Victoria Daly,1.0
74560.0,Wagait (S),74560,Wagait,1.0
74660.0,West Arnhem (R),74660,West Arnhem,1.0
74680.0,West Daly (R),74680,West Daly,1.0
79499.0,No usual address (NT),79499,No usual address (NT),1.0
79799.0,Migratory - Offshore - Shipping (NT),79799,Migratory - Offshore - Shipping (NT),1.0
89399.0,Unincorporated ACT,89399,Unincorporated ACT,1.0
89499.0,No usual address (ACT),89499,No usual address (ACT),1.0
89799.0,Migratory - Offshore - Shipping (ACT),89799,Migratory - Offshore - Shipping (ACT),1.0
99499.0,No usual address (OT),99499,No usual address (OT),1.0
99799.0,Migratory - Offshore - Shipping (OT),99799,Migratory - Offshore - Shipping (OT),1.0
64810.0,Sorell (M),64810,Sorell,0.9999999
54310.0,Karratha (C),54310,Karratha,0.9999999
62210.0,George Town (M),62210,George Town,0.9999998
61210.0,Circular Head (M),61210,Circular Head,0.9999996
52800.0,Derby-West Kimberley (S),52800,Derby-West Kimberley,0.9999989
12380.0,Cumberland (A),12380,Cumberland,0.9999886
10750.0,Blacktown (C),10750,Blacktown,0.999982
17150.0,Sutherland Shire (A),17150,Sutherland Shire,0.9999773
62810.0,Hobart (C),62810,Hobart,0.9999555
11450.0,Camden (A),11450,Camden,0.9999408
11500.0,Campbelltown (C) (NSW),11500,Campbelltown (NSW),0.9995917
51310.0,Cambridge (T),51310,Cambridge,0.9972001
32500.0,Cook (S),32500,Cook,0.9968852
58050.0,Swan (C),58050,Swan,0.989412
11750.0,Cobar (A),11750,Cobar,0.9793109
10130.0,Armidale Regional (A),10180,Armidale Regional,0.9703365
57980.0,Subiaco (C),57980,Subiaco,0.8590826
79399.0,Unincorporated NT,79399,Unincorporated NT,0.8257439
99399.0,Unincorp. Other Territories,51710,Christmas Island,0.7105957
